"ANO","NIVEL","CODMUNRES","TO","TORCR","TO_NN","TO_N","TO_CB_I","TO_CB_N","TO_CB_C","TO_CB_R","TO_M","TO_F","TO_F_IF","TO_FT","TO_NT","TO_NT_P","TO_NT_T","TO_PNT"
2015,"UF","42",37984,NA,NA,NA,NA,NA,NA,NA,NA,NA,NA,NA,NA,NA,NA,NA
2015,"MUNICIPIO","420000",23,0,14,9,0,1,2,1,20,2,0,0,0,0,0,0
2015,"MUNICIPIO","420005",11,0,2,9,0,2,1,2,5,6,0,0,0,0,0,1
2015,"MUNICIPIO","420010",88,0,10,78,4,20,18,15,48,40,0,0,0,0,0,2
2015,"MUNICIPIO","420020",66,0,5,61,2,14,27,7,39,27,0,0,1,1,0,4
2015,"MUNICIPIO","420030",21,0,0,21,0,4,5,5,12,9,0,0,0,0,0,0
2015,"MUNICIPIO","420040",40,0,7,33,1,6,11,6,25,15,0,0,0,0,0,0
2015,"MUNICIPIO","420050",37,0,3,34,0,14,7,4,21,16,0,0,0,0,0,0
2015,"MUNICIPIO","420055",14,0,0,14,0,3,5,2,8,6,0,0,0,0,0,1
2015,"MUNICIPIO","420060",49,0,4,45,2,9,15,8,29,20,0,0,0,0,0,0
2015,"MUNICIPIO","420070",63,0,12,51,0,13,12,7,36,27,0,0,0,0,0,0
2015,"MUNICIPIO","420075",9,0,0,9,0,2,6,1,2,7,0,0,0,0,0,0
2015,"MUNICIPIO","420080",36,0,3,33,2,6,14,6,21,15,0,0,0,0,0,1
2015,"MUNICIPIO","420090",43,0,4,39,0,11,11,4,27,16,0,0,0,0,0,0
2015,"MUNICIPIO","420100",67,0,6,61,2,14,23,9,40,27,0,0,0,0,0,2
2015,"MUNICIPIO","420110",27,0,2,25,0,5,7,5,16,11,0,0,0,0,0,0
2015,"MUNICIPIO","420120",35,0,2,33,3,9,13,3,19,16,0,0,0,0,0,0
2015,"MUNICIPIO","420125",62,0,8,54,6,10,11,8,38,24,0,0,0,0,0,5
2015,"MUNICIPIO","420127",39,0,4,35,2,5,8,6,23,16,0,0,0,0,0,0
2015,"MUNICIPIO","420130",122,0,26,96,10,16,24,12,90,32,0,0,0,0,0,0
2015,"MUNICIPIO","420140",394,0,36,358,15,80,123,57,237,157,0,0,0,0,0,7
2015,"MUNICIPIO","420150",41,0,7,34,0,4,13,8,24,17,0,0,0,0,0,1
2015,"MUNICIPIO","420160",21,0,1,20,3,5,5,0,11,10,0,0,0,0,0,0
2015,"MUNICIPIO","420165",9,0,1,8,0,3,1,0,6,3,0,0,0,0,0,0
2015,"MUNICIPIO","420170",68,0,11,57,3,11,23,2,37,31,0,0,0,0,0,0
2015,"MUNICIPIO","420180",29,0,3,26,3,3,7,7,14,15,0,0,0,0,0,0
2015,"MUNICIPIO","420190",38,0,2,36,1,8,16,8,23,15,0,0,0,0,0,0
2015,"MUNICIPIO","420195",85,0,6,79,4,17,36,6,50,35,0,0,0,0,0,2
2015,"MUNICIPIO","420200",630,0,77,553,35,156,164,64,340,290,1,0,0,0,0,10
2015,"MUNICIPIO","420205",70,0,9,61,3,14,20,9,48,22,0,0,0,0,0,1
2015,"MUNICIPIO","420207",65,0,4,61,3,8,26,6,47,18,1,0,0,0,0,1
2015,"MUNICIPIO","420208",19,0,1,18,0,4,9,2,9,10,0,0,0,0,0,1
2015,"MUNICIPIO","420209",15,0,1,14,1,6,4,1,9,6,0,0,0,0,0,0
2015,"MUNICIPIO","420210",145,0,19,126,6,30,33,16,89,56,0,0,0,0,0,2
2015,"MUNICIPIO","420213",34,0,0,34,1,5,14,4,21,13,0,0,0,0,0,0
2015,"MUNICIPIO","420215",19,0,2,17,0,6,5,1,12,7,0,0,0,0,0,0
2015,"MUNICIPIO","420220",80,0,6,74,0,17,23,12,44,36,0,0,0,0,0,0
2015,"MUNICIPIO","420230",326,0,40,286,8,81,119,28,196,130,2,0,1,0,1,8
2015,"MUNICIPIO","420240",1799,0,182,1617,78,452,394,248,985,814,2,0,3,2,1,42
2015,"MUNICIPIO","420243",16,0,1,15,0,3,5,3,10,6,0,0,0,0,0,0
2015,"MUNICIPIO","420245",77,0,12,65,0,22,19,9,48,29,0,0,0,0,0,2
2015,"MUNICIPIO","420250",21,0,2,19,0,2,7,7,11,10,0,0,0,0,0,0
2015,"MUNICIPIO","420253",14,0,2,12,2,4,3,0,4,10,0,0,0,0,0,0
2015,"MUNICIPIO","420257",9,0,2,7,0,1,4,1,6,3,0,0,0,0,0,0
2015,"MUNICIPIO","420260",71,0,12,59,3,16,19,8,47,24,1,0,0,0,0,3
2015,"MUNICIPIO","420270",25,0,2,23,0,8,5,6,15,10,0,0,0,0,0,0
2015,"MUNICIPIO","420280",150,0,22,128,2,31,43,13,92,58,0,0,0,0,0,3
2015,"MUNICIPIO","420285",33,0,2,31,1,6,15,1,20,13,0,0,0,0,0,0
2015,"MUNICIPIO","420287",19,0,0,19,1,4,5,4,5,14,0,0,0,0,0,0
2015,"MUNICIPIO","420290",616,0,60,556,19,147,157,66,343,273,0,0,1,1,0,12
2015,"MUNICIPIO","420300",438,0,37,401,14,79,100,73,220,218,1,0,3,2,1,9
2015,"MUNICIPIO","420310",46,0,5,41,0,14,11,5,21,25,0,0,0,0,0,0
2015,"MUNICIPIO","420315",17,0,1,16,0,1,3,4,6,11,0,0,1,0,1,0
2015,"MUNICIPIO","420320",360,0,55,305,17,60,80,36,233,127,0,0,0,0,0,19
2015,"MUNICIPIO","420325",27,0,6,21,1,6,6,4,21,6,0,0,0,0,0,1
2015,"MUNICIPIO","420330",87,0,9,78,1,16,31,6,52,35,0,0,0,0,0,0
2015,"MUNICIPIO","420340",45,0,3,42,0,11,14,4,27,18,0,0,0,0,0,2
2015,"MUNICIPIO","420350",71,0,13,58,1,14,21,7,38,33,0,0,0,0,0,5
2015,"MUNICIPIO","420360",228,0,25,203,6,41,64,28,124,104,1,0,0,0,0,7
2015,"MUNICIPIO","420370",65,0,7,58,2,18,18,6,34,31,0,0,1,1,0,0
2015,"MUNICIPIO","420380",343,0,24,319,3,83,91,36,185,158,0,0,0,0,0,10
2015,"MUNICIPIO","420390",95,0,6,89,3,26,22,15,53,42,0,0,0,0,0,3
2015,"MUNICIPIO","420395",154,0,14,140,8,31,41,22,85,69,0,0,0,0,0,4
2015,"MUNICIPIO","420400",58,0,10,48,2,10,16,6,28,30,0,0,0,0,0,2
2015,"MUNICIPIO","420410",26,0,5,21,0,7,5,2,19,7,0,0,0,0,0,1
2015,"MUNICIPIO","420415",12,0,2,10,0,4,4,1,10,2,0,0,0,0,0,0
2015,"MUNICIPIO","420417",23,0,0,23,2,6,5,4,11,12,0,0,0,0,0,1
2015,"MUNICIPIO","420419",23,0,2,21,1,7,3,2,12,11,0,0,0,0,0,2
2015,"MUNICIPIO","420420",898,0,124,774,37,195,210,101,534,364,3,0,2,0,2,30
2015,"MUNICIPIO","420425",79,0,9,70,3,16,27,11,47,32,1,0,0,0,0,3
2015,"MUNICIPIO","420430",402,0,41,361,13,103,100,44,230,172,0,0,0,0,0,6
2015,"MUNICIPIO","420435",27,0,7,20,2,7,6,3,17,10,0,0,0,0,0,0
2015,"MUNICIPIO","420440",57,0,5,52,1,13,15,12,29,28,0,0,0,0,0,0
2015,"MUNICIPIO","420445",22,0,2,20,0,4,8,3,13,9,0,0,0,0,0,0
2015,"MUNICIPIO","420450",101,0,14,87,4,19,31,10,61,40,0,0,0,0,0,2
2015,"MUNICIPIO","420455",113,0,16,97,4,19,31,21,56,57,1,0,0,0,0,4
2015,"MUNICIPIO","420460",1093,0,133,960,51,235,347,150,616,477,6,0,5,0,5,21
2015,"MUNICIPIO","420470",80,0,7,73,1,17,30,16,44,36,0,0,0,0,0,1
2015,"MUNICIPIO","420475",13,0,2,11,0,1,7,1,7,6,0,0,0,0,0,1
2015,"MUNICIPIO","420480",308,0,22,286,13,59,57,29,170,138,0,0,0,0,0,6
2015,"MUNICIPIO","420490",59,0,6,53,0,11,18,4,24,35,0,0,0,0,0,1
2015,"MUNICIPIO","420500",119,0,5,114,3,22,37,15,58,61,0,0,0,0,0,5
2015,"MUNICIPIO","420510",14,0,2,12,0,0,4,1,10,4,0,0,0,0,0,0
2015,"MUNICIPIO","420515",14,0,0,14,0,4,5,3,4,10,0,0,0,0,0,0
2015,"MUNICIPIO","420517",23,0,4,19,1,2,8,2,16,7,0,0,0,0,0,0
2015,"MUNICIPIO","420519",17,0,0,17,0,5,7,1,10,7,0,0,0,0,0,0
2015,"MUNICIPIO","420520",22,0,1,21,1,5,4,1,13,9,0,0,0,0,0,2
2015,"MUNICIPIO","420530",54,0,7,47,4,11,14,5,28,26,0,0,0,0,0,0
2015,"MUNICIPIO","420535",12,0,2,10,1,1,4,2,8,4,0,0,0,0,0,1
2015,"MUNICIPIO","420540",2294,0,222,2072,105,645,671,255,1226,1068,5,0,4,1,3,38
2015,"MUNICIPIO","420543",13,0,4,9,0,3,3,0,5,8,0,0,0,0,0,0
2015,"MUNICIPIO","420545",103,0,16,87,2,22,30,14,58,45,0,0,0,0,0,3
2015,"MUNICIPIO","420550",175,0,14,161,8,42,36,21,102,72,0,0,0,0,0,0
2015,"MUNICIPIO","420555",17,0,1,16,0,2,4,0,9,8,0,0,0,0,0,0
2015,"MUNICIPIO","420560",23,0,2,21,1,5,5,4,14,9,0,0,0,0,0,0
2015,"MUNICIPIO","420570",130,0,10,120,6,35,44,17,77,53,0,0,0,0,0,1
2015,"MUNICIPIO","420580",72,0,15,57,4,9,17,13,49,23,0,0,0,0,0,0
2015,"MUNICIPIO","420590",297,0,31,266,7,57,65,53,160,137,1,0,1,0,1,13
2015,"MUNICIPIO","420600",69,0,6,63,1,14,29,11,35,34,0,0,0,0,0,1
2015,"MUNICIPIO","420610",29,0,3,26,0,10,8,1,14,15,0,0,0,0,0,0
2015,"MUNICIPIO","420620",85,0,11,74,3,21,23,8,46,39,0,0,0,0,0,2
2015,"MUNICIPIO","420630",66,0,10,56,3,10,18,4,36,30,0,0,0,0,0,5
2015,"MUNICIPIO","420640",74,0,9,65,2,20,20,4,31,43,0,0,0,0,0,2
2015,"MUNICIPIO","420650",169,0,30,139,6,39,36,19,100,69,0,0,0,0,0,4
2015,"MUNICIPIO","420660",40,0,4,36,1,9,15,2,25,15,0,0,0,0,0,0
2015,"MUNICIPIO","420665",29,0,6,23,0,6,5,3,17,12,0,0,0,0,0,2
2015,"MUNICIPIO","420670",113,0,16,97,8,23,27,12,70,43,2,0,0,0,0,3
2015,"MUNICIPIO","420675",10,0,0,10,0,3,2,1,8,2,0,0,0,0,0,0
2015,"MUNICIPIO","420680",19,0,0,19,0,5,6,2,12,7,0,0,0,0,0,1
2015,"MUNICIPIO","420690",136,0,16,120,10,26,53,10,89,47,0,0,0,0,0,2
2015,"MUNICIPIO","420700",245,0,28,217,8,60,88,15,148,97,1,0,0,0,0,8
2015,"MUNICIPIO","420710",71,0,9,62,1,22,7,11,36,35,0,0,0,0,0,3
2015,"MUNICIPIO","420720",105,0,4,101,4,20,26,18,58,47,0,0,0,0,0,1
2015,"MUNICIPIO","420730",278,0,20,258,15,51,88,45,154,124,0,0,0,0,0,7
2015,"MUNICIPIO","420740",45,0,6,39,1,11,11,8,24,21,0,0,0,0,0,0
2015,"MUNICIPIO","420750",311,0,33,278,9,59,98,60,188,123,0,0,0,0,0,9
2015,"MUNICIPIO","420757",14,0,1,13,2,4,4,1,5,9,0,0,0,0,0,1
2015,"MUNICIPIO","420760",40,0,8,32,1,8,5,8,26,14,0,0,0,0,0,0
2015,"MUNICIPIO","420765",36,0,3,33,2,10,8,7,22,14,0,0,0,0,0,0
2015,"MUNICIPIO","420768",42,0,4,38,3,13,10,5,28,14,0,0,0,0,0,6
2015,"MUNICIPIO","420770",39,0,2,37,0,16,8,7,21,18,0,0,0,0,0,2
2015,"MUNICIPIO","420775",36,0,3,33,0,12,8,7,21,15,0,0,0,0,0,2
2015,"MUNICIPIO","420780",65,0,11,54,1,16,17,7,41,24,1,0,0,0,0,2
2015,"MUNICIPIO","420785",16,0,6,10,0,2,3,2,10,6,0,0,0,0,0,0
2015,"MUNICIPIO","420790",67,0,4,63,1,18,19,10,43,24,0,0,0,0,0,1
2015,"MUNICIPIO","420800",32,0,3,29,1,8,10,4,13,19,0,0,0,0,0,0
2015,"MUNICIPIO","420810",131,0,12,119,1,22,44,13,80,51,0,0,0,0,0,1
2015,"MUNICIPIO","420820",1152,0,130,1022,80,251,272,117,635,516,1,0,3,1,2,47
2015,"MUNICIPIO","420830",275,0,40,235,18,68,72,22,166,109,0,0,0,0,0,13
2015,"MUNICIPIO","420840",76,0,6,70,1,18,23,10,41,35,0,0,1,1,0,0
2015,"MUNICIPIO","420845",108,0,19,89,4,18,29,15,62,46,0,0,0,0,0,4
2015,"MUNICIPIO","420850",170,0,30,140,5,32,31,45,109,61,0,0,0,0,0,4
2015,"MUNICIPIO","420860",28,0,5,23,2,7,5,7,22,6,0,0,0,0,0,0
2015,"MUNICIPIO","420870",56,0,4,52,0,16,17,4,27,29,0,0,0,0,0,1
2015,"MUNICIPIO","420880",138,0,5,133,5,25,54,21,80,58,0,0,0,0,0,0
2015,"MUNICIPIO","420890",717,0,74,643,22,191,185,77,414,303,2,0,1,1,0,28
2015,"MUNICIPIO","420895",14,0,0,14,0,4,6,1,8,6,0,0,0,0,0,0
2015,"MUNICIPIO","420900",140,0,11,129,4,28,42,15,76,64,1,0,0,0,0,4
2015,"MUNICIPIO","420910",2810,0,323,2487,140,596,858,295,1590,1220,3,0,3,2,1,78
2015,"MUNICIPIO","420915",45,0,7,38,1,11,8,8,29,16,0,0,0,0,0,1
2015,"MUNICIPIO","420917",19,0,2,17,2,5,3,5,11,8,0,0,0,0,0,0
2015,"MUNICIPIO","420920",15,0,1,14,1,1,5,0,7,8,0,0,0,0,0,1
2015,"MUNICIPIO","420930",1225,0,121,1104,57,236,404,129,646,579,0,0,0,0,0,34
2015,"MUNICIPIO","420940",365,0,36,329,17,75,110,36,212,153,0,0,0,0,0,5
2015,"MUNICIPIO","420945",9,0,1,8,1,0,4,1,5,4,0,0,0,0,0,0
2015,"MUNICIPIO","420950",53,0,10,43,3,17,9,4,32,21,0,0,0,0,0,1
2015,"MUNICIPIO","420960",107,0,7,100,3,25,28,16,61,46,1,0,1,0,1,1
2015,"MUNICIPIO","420970",74,0,15,59,4,16,21,8,43,31,0,0,0,0,0,2
2015,"MUNICIPIO","420980",33,0,5,28,0,4,10,8,21,12,0,0,0,0,0,0
2015,"MUNICIPIO","420985",43,0,2,41,0,10,13,5,22,21,0,0,0,0,0,0
2015,"MUNICIPIO","420990",85,0,12,73,0,19,28,12,51,34,0,0,0,0,0,1
2015,"MUNICIPIO","421000",54,0,3,51,2,13,21,0,30,24,0,0,0,0,0,1
2015,"MUNICIPIO","421003",49,0,5,44,1,13,11,6,28,21,0,0,0,0,0,0
2015,"MUNICIPIO","421005",16,0,5,11,1,3,3,2,12,4,0,0,0,0,0,0
2015,"MUNICIPIO","421010",384,0,33,351,10,77,119,50,220,164,1,0,1,1,0,6
2015,"MUNICIPIO","421020",26,0,1,25,0,6,5,6,17,9,0,0,0,0,0,0
2015,"MUNICIPIO","421030",51,0,7,44,1,15,13,3,33,18,0,0,0,0,0,0
2015,"MUNICIPIO","421040",37,0,3,34,2,11,12,4,23,14,0,0,0,0,0,2
2015,"MUNICIPIO","421050",149,0,23,126,4,39,46,14,86,63,0,0,0,0,0,2
2015,"MUNICIPIO","421055",10,0,1,9,1,3,3,0,8,2,0,0,0,0,0,0
2015,"MUNICIPIO","421060",97,0,14,83,4,20,29,9,57,40,0,0,0,0,0,0
2015,"MUNICIPIO","421070",17,0,1,16,0,0,6,5,13,4,0,0,0,0,0,0
2015,"MUNICIPIO","421080",48,0,3,45,1,9,16,4,27,21,0,0,1,0,1,1
2015,"MUNICIPIO","421085",18,0,2,16,0,4,8,1,11,7,0,0,0,0,0,0
2015,"MUNICIPIO","421090",25,0,3,22,2,4,7,2,13,12,0,0,0,0,0,0
2015,"MUNICIPIO","421100",65,0,6,59,2,21,15,5,30,35,0,0,0,0,0,0
2015,"MUNICIPIO","421105",46,0,6,40,0,12,12,8,24,22,0,0,0,0,0,0
2015,"MUNICIPIO","421110",59,0,6,53,2,6,19,9,36,23,0,0,0,0,0,2
2015,"MUNICIPIO","421120",106,0,12,94,3,22,36,5,62,44,0,0,0,0,0,4
2015,"MUNICIPIO","421125",16,0,1,15,0,3,3,3,7,9,0,0,0,0,0,0
2015,"MUNICIPIO","421130",365,0,45,320,26,74,88,41,211,154,1,0,1,0,1,13
2015,"MUNICIPIO","421140",26,0,5,21,0,7,7,3,15,11,0,0,0,0,0,0
2015,"MUNICIPIO","421145",18,0,1,17,1,6,8,1,12,6,0,0,0,0,0,0
2015,"MUNICIPIO","421150",84,0,11,73,0,18,23,14,49,35,0,0,0,0,0,1
2015,"MUNICIPIO","421160",77,0,10,67,2,8,31,12,50,27,0,0,0,0,0,2
2015,"MUNICIPIO","421165",17,0,2,15,0,1,7,5,10,7,0,0,0,0,0,0
2015,"MUNICIPIO","421170",122,0,11,111,4,23,52,10,63,59,0,0,0,0,0,1
2015,"MUNICIPIO","421175",109,0,13,96,3,26,23,19,61,48,0,0,0,0,0,2
2015,"MUNICIPIO","421180",46,0,10,36,0,11,14,3,25,21,0,0,0,0,0,0
2015,"MUNICIPIO","421185",11,0,2,9,1,2,4,1,5,6,0,0,0,0,0,0
2015,"MUNICIPIO","421187",11,0,2,9,0,2,3,1,6,5,0,0,0,0,0,0
2015,"MUNICIPIO","421189",18,0,1,17,1,6,4,1,14,4,0,0,0,0,0,0
2015,"MUNICIPIO","421190",765,0,94,671,37,174,213,103,450,315,1,0,1,0,1,25
2015,"MUNICIPIO","421200",41,0,9,32,1,8,10,4,26,15,0,0,0,0,0,1
2015,"MUNICIPIO","421205",14,0,1,13,0,4,3,1,9,5,0,0,0,0,0,1
2015,"MUNICIPIO","421210",125,0,11,114,3,36,39,14,82,43,0,0,0,0,0,0
2015,"MUNICIPIO","421220",130,0,15,115,1,17,36,23,66,64,0,0,0,0,0,3
2015,"MUNICIPIO","421223",24,0,6,18,1,2,6,5,11,13,0,0,0,0,0,1
2015,"MUNICIPIO","421225",44,0,7,37,5,9,13,1,22,22,0,0,0,0,0,1
2015,"MUNICIPIO","421227",19,0,2,17,0,4,6,1,12,7,0,0,0,0,0,1
2015,"MUNICIPIO","421230",44,0,3,41,0,8,24,6,22,22,1,0,0,0,0,1
2015,"MUNICIPIO","421240",29,0,2,27,1,8,6,6,15,14,0,0,0,0,0,0
2015,"MUNICIPIO","421250",158,0,21,137,3,35,41,15,91,67,0,0,0,0,0,6
2015,"MUNICIPIO","421260",23,0,2,21,0,7,4,4,9,14,0,0,0,0,0,0
2015,"MUNICIPIO","421265",55,0,6,49,1,8,17,9,31,24,0,0,0,0,0,0
2015,"MUNICIPIO","421270",55,0,6,49,0,14,13,13,35,20,0,0,0,0,0,1
2015,"MUNICIPIO","421280",123,0,18,105,5,20,42,19,85,38,0,0,0,0,0,2
2015,"MUNICIPIO","421290",92,0,9,83,2,24,21,15,49,43,0,0,0,0,0,2
2015,"MUNICIPIO","421300",15,0,2,13,0,4,3,2,8,7,0,0,0,0,0,0
2015,"MUNICIPIO","421310",37,0,7,30,1,5,12,4,23,14,0,0,0,0,0,0
2015,"MUNICIPIO","421315",17,0,4,13,0,4,2,1,12,5,0,0,0,0,0,1
2015,"MUNICIPIO","421320",210,0,17,193,5,37,67,37,115,95,2,0,2,0,2,8
2015,"MUNICIPIO","421330",30,0,5,25,0,2,11,2,15,15,0,0,0,0,0,0
2015,"MUNICIPIO","421335",16,0,0,16,1,4,5,2,9,7,0,0,0,0,0,1
2015,"MUNICIPIO","421340",67,0,12,55,1,12,18,7,37,30,0,0,0,0,0,1
2015,"MUNICIPIO","421350",88,0,17,71,3,16,22,12,56,32,0,0,0,0,0,2
2015,"MUNICIPIO","421360",263,0,37,226,11,59,68,31,124,139,0,0,0,0,0,6
2015,"MUNICIPIO","421370",92,0,19,73,3,16,27,12,59,33,0,0,0,0,0,3
2015,"MUNICIPIO","421380",42,0,5,37,1,8,15,8,26,16,0,0,0,0,0,1
2015,"MUNICIPIO","421390",15,0,1,14,0,7,6,1,8,7,0,0,0,0,0,0
2015,"MUNICIPIO","421400",89,0,8,81,2,25,32,9,55,34,1,0,0,0,0,1
2015,"MUNICIPIO","421410",14,0,2,12,0,5,5,0,9,5,0,0,0,0,0,0
2015,"MUNICIPIO","421415",12,0,4,8,0,1,4,0,10,2,0,0,0,0,0,1
2015,"MUNICIPIO","421420",59,0,6,53,0,10,19,7,33,26,0,0,0,0,0,3
2015,"MUNICIPIO","421430",20,0,3,17,0,5,6,3,16,4,0,0,0,0,0,1
2015,"MUNICIPIO","421440",34,0,4,30,1,8,8,5,16,18,0,0,0,0,0,1
2015,"MUNICIPIO","421450",45,0,5,40,2,9,9,6,19,26,0,0,0,0,0,3
2015,"MUNICIPIO","421460",61,0,4,57,1,14,18,11,33,28,0,0,0,0,0,0
2015,"MUNICIPIO","421470",66,0,2,64,2,20,16,10,39,27,0,0,0,0,0,1
2015,"MUNICIPIO","421480",417,0,43,374,30,83,128,59,230,187,0,0,0,0,0,6
2015,"MUNICIPIO","421490",35,0,4,31,0,10,8,2,20,15,0,0,0,0,0,1
2015,"MUNICIPIO","421500",259,0,25,234,11,47,82,35,152,107,1,0,0,0,0,5
2015,"MUNICIPIO","421505",20,0,0,20,0,6,6,1,10,10,0,0,0,0,0,1
2015,"MUNICIPIO","421507",23,0,1,22,0,3,9,3,15,8,0,0,0,0,0,0
2015,"MUNICIPIO","421510",79,0,7,72,1,19,25,8,50,29,0,0,0,0,0,1
2015,"MUNICIPIO","421520",36,0,5,31,0,9,9,6,18,18,0,0,0,0,0,1
2015,"MUNICIPIO","421530",47,0,7,40,1,8,18,3,20,27,0,0,0,0,0,1
2015,"MUNICIPIO","421535",18,0,3,15,0,4,2,3,9,9,0,0,0,0,0,0
2015,"MUNICIPIO","421540",28,0,6,22,1,11,4,3,17,11,0,0,0,0,0,0
2015,"MUNICIPIO","421545",60,0,19,41,2,5,15,7,38,22,0,0,0,0,0,6
2015,"MUNICIPIO","421550",112,0,20,92,6,17,29,11,66,46,0,0,0,0,0,3
2015,"MUNICIPIO","421555",17,0,2,15,0,3,3,2,14,3,0,0,0,0,0,1
2015,"MUNICIPIO","421560",21,0,1,20,1,6,3,2,9,12,0,0,0,0,0,0
2015,"MUNICIPIO","421565",56,0,10,46,1,15,17,5,34,22,1,0,0,0,0,1
2015,"MUNICIPIO","421567",40,0,4,36,1,13,7,5,27,13,0,0,0,0,0,2
2015,"MUNICIPIO","421568",15,0,2,13,0,2,6,2,9,6,0,0,0,0,0,0
2015,"MUNICIPIO","421569",8,0,2,6,0,2,3,0,5,3,0,0,0,0,0,0
2015,"MUNICIPIO","421570",118,0,14,104,5,24,46,8,77,41,0,0,0,0,0,1
2015,"MUNICIPIO","421575",17,0,2,15,0,5,4,5,14,3,0,0,0,0,0,1
2015,"MUNICIPIO","421580",418,0,35,383,25,86,120,48,239,179,0,0,0,0,0,15
2015,"MUNICIPIO","421590",27,0,3,24,0,4,9,9,14,13,0,0,0,0,0,1
2015,"MUNICIPIO","421600",64,0,8,56,0,16,17,9,33,31,0,0,0,0,0,1
2015,"MUNICIPIO","421605",34,0,8,26,1,7,3,3,24,10,0,0,0,0,0,0
2015,"MUNICIPIO","421610",59,0,6,53,0,10,16,12,34,25,0,0,0,0,0,0
2015,"MUNICIPIO","421620",331,0,35,296,20,58,84,32,191,140,1,0,2,1,1,13
2015,"MUNICIPIO","421625",36,0,1,35,1,10,13,4,20,16,0,0,0,0,0,0
2015,"MUNICIPIO","421630",119,0,20,99,2,31,28,20,73,46,0,0,0,0,0,6
2015,"MUNICIPIO","421635",18,0,1,17,0,4,4,2,9,9,0,0,0,0,0,0
2015,"MUNICIPIO","421640",40,0,2,38,3,11,10,2,24,16,0,0,0,0,0,1
2015,"MUNICIPIO","421650",188,0,25,163,5,30,54,30,103,85,0,0,0,0,0,4
2015,"MUNICIPIO","421660",1242,0,122,1120,66,291,393,141,680,562,3,0,1,0,1,29
2015,"MUNICIPIO","421670",77,0,10,67,2,19,17,10,51,26,0,0,0,0,0,1
2015,"MUNICIPIO","421680",54,0,6,48,4,14,14,3,30,24,0,0,0,0,0,1
2015,"MUNICIPIO","421690",151,0,12,139,7,38,27,20,76,75,0,0,1,1,0,3
2015,"MUNICIPIO","421700",66,0,12,54,1,13,14,4,38,28,0,0,0,0,0,3
2015,"MUNICIPIO","421710",17,0,1,16,1,6,6,1,9,8,0,0,0,0,0,0
2015,"MUNICIPIO","421715",10,0,3,7,0,1,1,0,8,2,0,0,0,0,0,0
2015,"MUNICIPIO","421720",231,0,38,193,4,59,50,32,130,101,1,0,0,0,0,7
2015,"MUNICIPIO","421725",22,0,2,20,2,2,7,3,10,12,0,0,0,0,0,0
2015,"MUNICIPIO","421730",59,0,16,43,0,10,19,4,36,23,0,0,0,0,0,0
2015,"MUNICIPIO","421740",67,0,3,64,2,12,24,9,38,29,0,0,0,0,0,0
2015,"MUNICIPIO","421750",100,0,12,88,2,30,24,12,54,46,0,0,0,0,0,3
2015,"MUNICIPIO","421755",18,0,0,18,0,6,4,0,12,6,0,0,0,0,0,0
2015,"MUNICIPIO","421760",65,0,4,61,5,18,16,8,38,27,0,0,0,0,0,1
2015,"MUNICIPIO","421770",137,0,22,115,6,20,34,24,77,60,0,0,1,1,0,8
2015,"MUNICIPIO","421775",19,0,2,17,0,5,5,4,10,9,0,0,0,0,0,0
2015,"MUNICIPIO","421780",99,0,19,80,4,20,26,8,58,41,0,0,0,0,0,1
2015,"MUNICIPIO","421790",62,0,6,56,3,13,13,12,39,23,0,0,0,0,0,0
2015,"MUNICIPIO","421795",12,0,2,10,0,3,2,1,6,6,0,0,0,0,0,1
2015,"MUNICIPIO","421800",194,0,22,172,2,42,62,27,111,83,0,0,0,0,0,4
2015,"MUNICIPIO","421810",40,0,2,38,2,8,8,2,25,15,0,0,0,0,0,0
2015,"MUNICIPIO","421820",255,0,19,236,10,53,71,30,133,122,0,0,0,0,0,6
2015,"MUNICIPIO","421825",42,0,6,36,2,9,8,5,25,17,1,0,1,0,1,1
2015,"MUNICIPIO","421830",116,0,10,106,4,23,34,16,57,59,0,0,0,0,0,3
2015,"MUNICIPIO","421835",23,0,3,20,0,5,9,2,14,9,0,0,0,0,0,0
2015,"MUNICIPIO","421840",56,0,1,55,1,11,16,13,26,30,0,0,0,0,0,0
2015,"MUNICIPIO","421850",32,0,5,27,1,8,7,3,16,16,0,0,0,0,0,1
2015,"MUNICIPIO","421860",43,0,4,39,1,9,12,4,23,20,0,0,0,0,0,2
2015,"MUNICIPIO","421870",610,0,55,555,25,114,162,82,337,273,0,0,1,0,1,13
2015,"MUNICIPIO","421875",27,0,2,25,2,2,8,4,10,17,1,0,1,0,1,0
2015,"MUNICIPIO","421880",76,0,9,67,2,15,21,10,38,37,0,0,0,0,0,2
2015,"MUNICIPIO","421885",21,0,1,20,0,6,8,2,14,7,0,0,0,0,0,0
2015,"MUNICIPIO","421890",74,0,14,60,2,11,28,5,42,32,0,0,0,0,0,1
2015,"MUNICIPIO","421895",12,0,1,11,1,1,4,1,6,6,0,0,0,0,0,0
2015,"MUNICIPIO","421900",160,0,8,152,5,46,53,13,80,80,0,0,2,0,2,3
2015,"MUNICIPIO","421910",22,0,3,19,0,4,7,2,12,10,0,0,0,0,0,0
2015,"MUNICIPIO","421915",25,0,1,24,0,6,3,7,18,7,0,0,0,0,0,0
2015,"MUNICIPIO","421917",30,0,4,26,1,6,5,2,19,11,0,0,0,0,0,2
2015,"MUNICIPIO","421920",52,0,1,51,4,17,13,7,33,19,0,0,0,0,0,0
2015,"MUNICIPIO","421930",264,0,27,237,14,58,64,29,153,111,0,0,1,1,0,11
2015,"MUNICIPIO","421935",21,0,3,18,0,6,3,2,11,10,0,0,0,0,0,0
2015,"MUNICIPIO","421940",23,0,3,20,1,4,9,3,13,10,0,0,0,0,0,1
2015,"MUNICIPIO","421950",272,0,38,234,12,65,52,41,166,106,0,0,0,0,0,4
2015,"MUNICIPIO","421960",23,0,3,20,0,3,5,3,10,13,0,0,0,0,0,0
2015,"MUNICIPIO","421970",140,0,16,124,2,37,35,15,83,57,0,0,0,0,0,7
2015,"MUNICIPIO","421985",17,0,2,15,0,4,4,0,9,8,0,0,0,0,0,1
2015,"MUNICIPIO","422000",108,0,24,84,1,21,28,14,72,36,0,0,0,0,0,3
